[
     {
          "flat_num": 2,
          "rooms_count": "2-комнатная",
          "area": "61,8",
          "floor": "2",
          "plan_img": "https://xn--f1aud.xn--p1ai/img/products/super/kvartira__2.png",
          "price": 6056400.0,
          "status": "Свободна",
          "object_name": "ЖК «Атмосфера»"
     },
     {
          "flat_num": 4,
          "rooms_count": "2-комнатная",
          "area": "76,8",
          "floor": "2",
          "plan_img": "https://xn--f1aud.xn--p1ai/img/products/super/kvartira_4_.png",
          "price": 7526400.0,
          "status": "Свободна",
          "object_name": "ЖК «Атмосфера»"
     },
     {
          "flat_num": 6,
          "rooms_count": "2-комнатная",
          "area": "62,4",
          "floor": "3",
          "plan_img": "https://xn--f1aud.xn--p1ai/img/products/super/kvartira__2-2.png",
          "price": 6115200.0,
          "status": "Свободна",
          "object_name": "ЖК «Атмосфера»"
     },
     {
          "flat_num": 8,
          "rooms_count": "2-комнатная",
          "area": "76,2",
          "floor": "3",
          "plan_img": "https://xn--f1aud.xn--p1ai/img/products/super/kvartira_4_.png",
          "price": 7467600.0,
          "status": "Бронь",
          "object_name": "ЖК «Атмосфера»"
     },
     {
          "flat_num": 14,
          "rooms_count": "2-комнатная",
          "area": "61,9",
          "floor": "5",
          "plan_img": "https://xn--f1aud.xn--p1ai/img/products/super/kvartira__2-4.png",
          "price": 6066200.0,
          "status": "Свободна",
          "object_name": "ЖК «Атмосфера»"
     },
     {
          "flat_num": 20,
          "rooms_count": "2-комнатная",
          "area": "76,8",
          "floor": "6",
          "plan_img": "https://xn--f1aud.xn--p1ai/img/products/super/kvartira_4_.png",
          "price": 7526400.0,
          "status": "Свободна",
          "object_name": "ЖК «Атмосфера»"
     },
     {
          "flat_num": 26,
          "rooms_count": "2-комнатная",
          "area": "62,3",
          "floor": "8",
          "plan_img": "https://xn--f1aud.xn--p1ai/img/products/super/kvartira__2-7.png",
          "price": 6105400.0,
          "status": "Свободна",
          "object_name": "ЖК «Атмосфера»"
     },
     {
          "flat_num": 30,
          "rooms_count": "2-комнатная",
          "area": "62,3",
          "floor": "9",
          "plan_img": "https://xn--f1aud.xn--p1ai/img/products/super/kvartira__2-8.png",
          "price": 6105400.0,
          "status": "Свободна",
          "object_name": "ЖК «Атмосфера»"
     },
     {
          "flat_num": 34,
          "rooms_count": "2-комнатная",
          "area": "62,3",
          "floor": "10",
          "plan_img": "https://xn--f1aud.xn--p1ai/img/products/super/kvartira__2-9.png",
          "price": 6230000.0,
          "status": "Свободна",
          "object_name": "ЖК «Атмосфера»"
     },
     {
          "flat_num": 36,
          "rooms_count": "2-комнатная",
          "area": "77,1",
          "floor": "10",
          "plan_img": "https://xn--f1aud.xn--p1ai/img/products/super/kvartira_4_.png",
          "price": 7710000.0,
          "status": "Свободна",
          "object_name": "ЖК «Атмосфера»"
     },
     {
          "flat_num": 37,
          "rooms_count": "1-комнатная",
          "area": "54,4",
          "floor": "2",
          "plan_img": "https://xn--f1aud.xn--p1ai/img/products/super/kvartira_37_.png",
          "price": 5440000.0,
          "status": "Бронь",
          "object_name": "ЖК «Атмосфера»"
     },
     {
          "flat_num": 40,
          "rooms_count": "3-комнатная",
          "area": "93,2",
          "floor": "2",
          "plan_img": "https://xn--f1aud.xn--p1ai/img/products/super/kvartira_40_.png",
          "price": 9133600.0,
          "status": "Бронь",
          "object_name": "ЖК «Атмосфера»"
     },
     {
          "flat_num": 44,
          "rooms_count": "3-комнатная",
          "area": "93,4",
          "floor": "3",
          "plan_img": "https://xn--f1aud.xn--p1ai/img/products/super/kvartira_40_.png",
          "price": 8873000.0,
          "status": "Бронь",
          "object_name": "ЖК «Атмосфера»"
     },
     {
          "flat_num": 48,
          "rooms_count": "3-комнатная",
          "area": "93,3",
          "floor": "4",
          "plan_img": "https://xn--f1aud.xn--p1ai/img/products/super/kvartira_40_.png",
          "price": 8863500.0,
          "status": "Бронь",
          "object_name": "ЖК «Атмосфера»"
     },
     {
          "flat_num": 49,
          "rooms_count": "1-комнатная",
          "area": "54,9",
          "floor": "5",
          "plan_img": "https://xn--f1aud.xn--p1ai/img/products/super/kvartira_37_.png",
          "price": 5490000.0,
          "status": "Бронь",
          "object_name": "ЖК «Атмосфера»"
     },
     {
          "flat_num": 52,
          "rooms_count": "3-комнатная",
          "area": "93,3",
          "floor": "5",
          "plan_img": "https://xn--f1aud.xn--p1ai/img/products/super/kvartira_40_.png",
          "price": 8863500.0,
          "status": "Свободна",
          "object_name": "ЖК «Атмосфера»"
     },
     {
          "flat_num": 53,
          "rooms_count": "1-комнатная",
          "area": "55,2",
          "floor": "6",
          "plan_img": "https://xn--f1aud.xn--p1ai/img/products/super/kvartira_37_.png",
          "price": 5520000.0,
          "status": "Бронь",
          "object_name": "ЖК «Атмосфера»"
     },
     {
          "flat_num": 56,
          "rooms_count": "3-комнатная",
          "area": "93,5",
          "floor": "6",
          "plan_img": "https://xn--f1aud.xn--p1ai/img/products/super/kvartira_40_.png",
          "price": 8882500.0,
          "status": "Свободна",
          "object_name": "ЖК «Атмосфера»"
     },
     {
          "flat_num": 57,
          "rooms_count": "1-комнатная",
          "area": "55",
          "floor": "7",
          "plan_img": "https://xn--f1aud.xn--p1ai/img/products/super/kvartira_37_.png",
          "price": 5500000.0,
          "status": "Свободна",
          "object_name": "ЖК «Атмосфера»"
     },
     {
          "flat_num": 60,
          "rooms_count": "3-комнатная",
          "area": "93,7",
          "floor": "7",
          "plan_img": "https://xn--f1aud.xn--p1ai/img/products/super/kvartira_40_.png",
          "price": 8901500.0,
          "status": "Свободна",
          "object_name": "ЖК «Атмосфера»"
     },
     {
          "flat_num": 61,
          "rooms_count": "1-комнатная",
          "area": "54,9",
          "floor": "8",
          "plan_img": "https://xn--f1aud.xn--p1ai/img/products/super/kvartira_37_.png",
          "price": 5490000.0,
          "status": "Свободна",
          "object_name": "ЖК «Атмосфера»"
     },
     {
          "flat_num": 64,
          "rooms_count": "3-комнатная",
          "area": "93,6",
          "floor": "8",
          "plan_img": "https://xn--f1aud.xn--p1ai/img/products/super/kvartira_40_.png",
          "price": 8892000.0,
          "status": "Свободна",
          "object_name": "ЖК «Атмосфера»"
     },
     {
          "flat_num": 65,
          "rooms_count": "1-комнатная",
          "area": "55",
          "floor": "9",
          "plan_img": "https://xn--f1aud.xn--p1ai/img/products/super/kvartira_37_.png",
          "price": 5500000.0,
          "status": "Свободна",
          "object_name": "ЖК «Атмосфера»"
     },
     {
          "flat_num": 68,
          "rooms_count": "3-комнатная",
          "area": "93,7",
          "floor": "9",
          "plan_img": "https://xn--f1aud.xn--p1ai/img/products/super/kvartira_40_.png",
          "price": 8901500.0,
          "status": "Бронь",
          "object_name": "ЖК «Атмосфера»"
     },
     {
          "flat_num": 69,
          "rooms_count": "1-комнатная",
          "area": "54,8",
          "floor": "10",
          "plan_img": "https://xn--f1aud.xn--p1ai/img/products/super/kvartira_37_.png",
          "price": 5754000.0,
          "status": "Свободна",
          "object_name": "ЖК «Атмосфера»"
     },
     {
          "flat_num": 72,
          "rooms_count": "3-комнатная",
          "area": "93,6",
          "floor": "10",
          "plan_img": "https://xn--f1aud.xn--p1ai/img/products/super/kvartira_40_.png",
          "price": 9360000.0,
          "status": "Свободна",
          "object_name": "ЖК «Атмосфера»"
     },
     {
          "flat_num": 73,
          "rooms_count": "2-комнатная",
          "area": "76",
          "floor": "2",
          "plan_img": "https://xn--f1aud.xn--p1ai/img/products/super/kvartira_73_.png",
          "price": 7448000.0,
          "status": "Свободна",
          "object_name": "ЖК «Атмосфера»"
     },
     {
          "flat_num": 74,
          "rooms_count": "2-комнатная",
          "area": "81,2",
          "floor": "2",
          "plan_img": "https://xn--f1aud.xn--p1ai/img/products/super/kvartira_74_.png",
          "price": 7714000.0,
          "status": "Свободна",
          "object_name": "ЖК «Атмосфера»"
     },
     {
          "flat_num": 75,
          "rooms_count": "2-комнатная",
          "area": "75,4",
          "floor": "2",
          "plan_img": "https://xn--f1aud.xn--p1ai/img/products/super/kvartira_75_.png",
          "price": 7389200.0,
          "status": "Свободна",
          "object_name": "ЖК «Атмосфера»"
     },
     {
          "flat_num": 76,
          "rooms_count": "2-комнатная",
          "area": "76,2",
          "floor": "3",
          "plan_img": "https://xn--f1aud.xn--p1ai/img/products/super/kvartira_73_.png",
          "price": 7467600.0,
          "status": "Свободна",
          "object_name": "ЖК «Атмосфера»"
     },
     {
          "flat_num": 77,
          "rooms_count": "2-комнатная",
          "area": "81,8",
          "floor": "3",
          "plan_img": "https://xn--f1aud.xn--p1ai/img/products/super/kvartira_74_.png",
          "price": 7771000.0,
          "status": "Свободна",
          "object_name": "ЖК «Атмосфера»"
     },
     {
          "flat_num": 79,
          "rooms_count": "2-комнатная",
          "area": "76,7",
          "floor": "4",
          "plan_img": "https://xn--f1aud.xn--p1ai/img/products/super/kvartira_73_.png",
          "price": 7516600.0,
          "status": "Свободна",
          "object_name": "ЖК «Атмосфера»"
     },
     {
          "flat_num": 80,
          "rooms_count": "2-комнатная",
          "area": "81,3",
          "floor": "4",
          "plan_img": "https://xn--f1aud.xn--p1ai/img/products/super/kvartira_74_.png",
          "price": 7723500.0,
          "status": "Свободна",
          "object_name": "ЖК «Атмосфера»"
     },
     {
          "flat_num": 83,
          "rooms_count": "2-комнатная",
          "area": "81,8",
          "floor": "5",
          "plan_img": "https://xn--f1aud.xn--p1ai/img/products/super/kvartira_74_.png",
          "price": 7771000.0,
          "status": "Свободна",
          "object_name": "ЖК «Атмосфера»"
     },
     {
          "flat_num": 84,
          "rooms_count": "2-комнатная",
          "area": "75,7",
          "floor": "5",
          "plan_img": "https://xn--f1aud.xn--p1ai/img/products/super/kvartira_75_.png",
          "price": 7418600.0,
          "status": "Свободна",
          "object_name": "ЖК «Атмосфера»"
     },
     {
          "flat_num": 85,
          "rooms_count": "2-комнатная",
          "area": "76",
          "floor": "6",
          "plan_img": "https://xn--f1aud.xn--p1ai/img/products/super/kvartira_73_.png",
          "price": 7448000.0,
          "status": "Бронь",
          "object_name": "ЖК «Атмосфера»"
     },
     {
          "flat_num": 87,
          "rooms_count": "2-комнатная",
          "area": "75,8",
          "floor": "6",
          "plan_img": "https://xn--f1aud.xn--p1ai/img/products/super/kvartira_75_.png",
          "price": 7428400.0,
          "status": "Свободна",
          "object_name": "ЖК «Атмосфера»"
     },
     {
          "flat_num": 90,
          "rooms_count": "2-комнатная",
          "area": "75,8",
          "floor": "7",
          "plan_img": "https://xn--f1aud.xn--p1ai/img/products/super/kvartira_75_.png",
          "price": 7428400.0,
          "status": "Свободна",
          "object_name": "ЖК «Атмосфера»"
     },
     {
          "flat_num": 91,
          "rooms_count": "2-комнатная",
          "area": "76,1",
          "floor": "8",
          "plan_img": "https://xn--f1aud.xn--p1ai/img/products/super/kvartira_73_.png",
          "price": 7457800.0,
          "status": "Свободна",
          "object_name": "ЖК «Атмосфера»"
     },
     {
          "flat_num": 92,
          "rooms_count": "2-комнатная",
          "area": "81,9",
          "floor": "8",
          "plan_img": "https://xn--f1aud.xn--p1ai/img/products/super/kvartira_74_.png",
          "price": 7780500.0,
          "status": "Бронь",
          "object_name": "ЖК «Атмосфера»"
     },
     {
          "flat_num": 95,
          "rooms_count": "2-комнатная",
          "area": "81,9",
          "floor": "9",
          "plan_img": "https://xn--f1aud.xn--p1ai/img/products/super/kvartira_74_.png",
          "price": 7780500.0,
          "status": "Свободна",
          "object_name": "ЖК «Атмосфера»"
     },
     {
          "flat_num": 99,
          "rooms_count": "2-комнатная",
          "area": "76,2",
          "floor": "10",
          "plan_img": "https://xn--f1aud.xn--p1ai/img/products/super/kvartira_75_.png",
          "price": 7620000.0,
          "status": "Свободна",
          "object_name": "ЖК «Атмосфера»"
     },
     {
          "flat_num": 100,
          "rooms_count": "3-комнатная",
          "area": "91,8",
          "floor": "2",
          "plan_img": "https://xn--f1aud.xn--p1ai/img/products/super/kvartira_100_.png",
          "price": 8721000.0,
          "status": "Свободна",
          "object_name": "ЖК «Атмосфера»"
     },
     {
          "flat_num": 101,
          "rooms_count": "2-комнатная",
          "area": "62,4",
          "floor": "2",
          "plan_img": "https://xn--f1aud.xn--p1ai/img/products/super/kvartira_101_.png",
          "price": 6115200.0,
          "status": "Свободна",
          "object_name": "ЖК «Атмосфера»"
     },
     {
          "flat_num": 102,
          "rooms_count": "2-комнатная",
          "area": "76,6",
          "floor": "2",
          "plan_img": "https://xn--f1aud.xn--p1ai/img/products/super/kvartira_102.png",
          "price": 7506800.0,
          "status": "Свободна",
          "object_name": "ЖК «Атмосфера»"
     },
     {
          "flat_num": 104,
          "rooms_count": "2-комнатная",
          "area": "62,4",
          "floor": "3",
          "plan_img": "https://xn--f1aud.xn--p1ai/img/products/super/kvartira_101_.png",
          "price": 6115200.0,
          "status": "Свободна",
          "object_name": "ЖК «Атмосфера»"
     },
     {
          "flat_num": 105,
          "rooms_count": "2-комнатная",
          "area": "76,6",
          "floor": "3",
          "plan_img": "https://xn--f1aud.xn--p1ai/img/products/super/kvartira_102.png",
          "price": 7506800.0,
          "status": "Свободна",
          "object_name": "ЖК «Атмосфера»"
     },
     {
          "flat_num": 108,
          "rooms_count": "2-комнатная",
          "area": "76,7",
          "floor": "4",
          "plan_img": "https://xn--f1aud.xn--p1ai/img/products/super/kvartira_102.png",
          "price": 7516600.0,
          "status": "Свободна",
          "object_name": "ЖК «Атмосфера»"
     },
     {
          "flat_num": 110,
          "rooms_count": "2-комнатная",
          "area": "62,6",
          "floor": "5",
          "plan_img": "https://xn--f1aud.xn--p1ai/img/products/super/kvartira_101_.png",
          "price": 6134800.0,
          "status": "Бронь",
          "object_name": "ЖК «Атмосфера»"
     },
     {
          "flat_num": 111,
          "rooms_count": "2-комнатная",
          "area": "76,8",
          "floor": "5",
          "plan_img": "https://xn--f1aud.xn--p1ai/img/products/super/kvartira_102.png",
          "price": 7526400.0,
          "status": "Свободна",
          "object_name": "ЖК «Атмосфера»"
     },
     {
          "flat_num": 114,
          "rooms_count": "2-комнатная",
          "area": "76,8",
          "floor": "6",
          "plan_img": "https://xn--f1aud.xn--p1ai/img/products/super/kvartira_102.png",
          "price": 7526400.0,
          "status": "Свободна",
          "object_name": "ЖК «Атмосфера»"
     },
     {
          "flat_num": 117,
          "rooms_count": "2-комнатная",
          "area": "76,8",
          "floor": "7",
          "plan_img": "https://xn--f1aud.xn--p1ai/img/products/super/kvartira_102.png",
          "price": 7526400.0,
          "status": "Свободна",
          "object_name": "ЖК «Атмосфера»"
     },
     {
          "flat_num": 120,
          "rooms_count": "2-комнатная",
          "area": "77,2",
          "floor": "8",
          "plan_img": "https://xn--f1aud.xn--p1ai/img/products/super/kvartira_102.png",
          "price": 7565600.0,
          "status": "Свободна",
          "object_name": "ЖК «Атмосфера»"
     },
     {
          "flat_num": 123,
          "rooms_count": "2-комнатная",
          "area": "77,1",
          "floor": "9",
          "plan_img": "https://xn--f1aud.xn--p1ai/img/products/super/kvartira_102.png",
          "price": 7555800.0,
          "status": "Свободна",
          "object_name": "ЖК «Атмосфера»"
     },
     {
          "flat_num": 125,
          "rooms_count": "2-комнатная",
          "area": "62,9",
          "floor": "10",
          "plan_img": "https://xn--f1aud.xn--p1ai/img/products/super/kvartira_101_.png",
          "price": 6290000.0,
          "status": "Свободна",
          "object_name": "ЖК «Атмосфера»"
     },
     {
          "flat_num": 126,
          "rooms_count": "2-комнатная",
          "area": "76,9",
          "floor": "10",
          "plan_img": "https://xn--f1aud.xn--p1ai/img/products/super/kvartira_102.png",
          "price": 7690000.0,
          "status": "Свободна",
          "object_name": "ЖК «Атмосфера»"
     },
     {
          "flat_num": 127,
          "rooms_count": "2-комнатная",
          "area": "77,3",
          "floor": "2",
          "plan_img": "https://xn--f1aud.xn--p1ai/img/products/super/kvartira_127.png",
          "price": 7575400.0,
          "status": "Свободна",
          "object_name": "ЖК «Атмосфера»"
     },
     {
          "flat_num": 128,
          "rooms_count": "2-комнатная",
          "area": "62,7",
          "floor": "2",
          "plan_img": "https://xn--f1aud.xn--p1ai/img/products/super/kvartira_128.png",
          "price": 6144600.0,
          "status": "Свободна",
          "object_name": "ЖК «Атмосфера»"
     },
     {
          "flat_num": 129,
          "rooms_count": "3-комнатная",
          "area": "98,1",
          "floor": "2",
          "plan_img": "https://xn--f1aud.xn--p1ai/img/products/super/kvartira_129.png",
          "price": 9319500.0,
          "status": "Свободна",
          "object_name": "ЖК «Атмосфера»"
     },
     {
          "flat_num": 130,
          "rooms_count": "2-комнатная",
          "area": "77,3",
          "floor": "3",
          "plan_img": "https://xn--f1aud.xn--p1ai/img/products/super/kvartira_127.png",
          "price": 7575400.0,
          "status": "Свободна",
          "object_name": "ЖК «Атмосфера»"
     },
     {
          "flat_num": 133,
          "rooms_count": "2-комнатная",
          "area": "77,3",
          "floor": "4",
          "plan_img": "https://xn--f1aud.xn--p1ai/img/products/super/kvartira_127.png",
          "price": 7575400.0,
          "status": "Свободна",
          "object_name": "ЖК «Атмосфера»"
     },
     {
          "flat_num": 136,
          "rooms_count": "2-комнатная",
          "area": "77,2",
          "floor": "5",
          "plan_img": "https://xn--f1aud.xn--p1ai/img/products/super/kvartira_127.png",
          "price": 7565600.0,
          "status": "Свободна",
          "object_name": "ЖК «Атмосфера»"
     },
     {
          "flat_num": 138,
          "rooms_count": "3-комнатная",
          "area": "98,9",
          "floor": "5",
          "plan_img": "https://xn--f1aud.xn--p1ai/img/products/super/kvartira_129.png",
          "price": 9395500.0,
          "status": "Свободна",
          "object_name": "ЖК «Атмосфера»"
     },
     {
          "flat_num": 139,
          "rooms_count": "2-комнатная",
          "area": "77,2",
          "floor": "6",
          "plan_img": "https://xn--f1aud.xn--p1ai/img/products/super/kvartira_127.png",
          "price": 7565600.0,
          "status": "Свободна",
          "object_name": "ЖК «Атмосфера»"
     },
     {
          "flat_num": 142,
          "rooms_count": "2-комнатная",
          "area": "77,3",
          "floor": "7",
          "plan_img": "https://xn--f1aud.xn--p1ai/img/products/super/kvartira_127.png",
          "price": 7575400.0,
          "status": "Свободна",
          "object_name": "ЖК «Атмосфера»"
     },
     {
          "flat_num": 145,
          "rooms_count": "2-комнатная",
          "area": "76,9",
          "floor": "8",
          "plan_img": "https://xn--f1aud.xn--p1ai/img/products/super/kvartira_127.png",
          "price": 7536200.0,
          "status": "Свободна",
          "object_name": "ЖК «Атмосфера»"
     },
     {
          "flat_num": 148,
          "rooms_count": "2-комнатная",
          "area": "76,8",
          "floor": "9",
          "plan_img": "https://xn--f1aud.xn--p1ai/img/products/super/kvartira_127.png",
          "price": 7526400.0,
          "status": "Свободна",
          "object_name": "ЖК «Атмосфера»"
     },
     {
          "flat_num": 150,
          "rooms_count": "3-комнатная",
          "area": "99,2",
          "floor": "9",
          "plan_img": "https://xn--f1aud.xn--p1ai/img/products/super/kvartira_129.png",
          "price": 9424000.0,
          "status": "Свободна",
          "object_name": "ЖК «Атмосфера»"
     },
     {
          "flat_num": 151,
          "rooms_count": "2-комнатная",
          "area": "77,3",
          "floor": "10",
          "plan_img": "https://xn--f1aud.xn--p1ai/img/products/super/kvartira_127.png",
          "price": 7730000.0,
          "status": "Свободна",
          "object_name": "ЖК «Атмосфера»"
     },
     {
          "flat_num": 152,
          "rooms_count": "2-комнатная",
          "area": "63,4",
          "floor": "10",
          "plan_img": "https://xn--f1aud.xn--p1ai/img/products/super/kvartira_128.png",
          "price": 6340000.0,
          "status": "Свободна",
          "object_name": "ЖК «Атмосфера»"
     },
     {
          "flat_num": 153,
          "rooms_count": "3-комнатная",
          "area": "99,1",
          "floor": "10",
          "plan_img": "https://xn--f1aud.xn--p1ai/img/products/super/kvartira_129.png",
          "price": 9910000.0,
          "status": "Свободна",
          "object_name": "ЖК «Атмосфера»"
     },
     {
          "flat_num": 1,
          "rooms_count": "2-комнатная",
          "area": "71,39",
          "floor": "1",
          "plan_img": "https://xn--f1aud.xn--p1ai/img/products/super/kvartira_1_2k.png",
          "price": 6425100.0,
          "status": "Свободна",
          "object_name": "ЖК «Гармония»"
     },
     {
          "flat_num": 2,
          "rooms_count": "1-комнатная",
          "area": "42,51",
          "floor": "1",
          "plan_img": "https://xn--f1aud.xn--p1ai/img/products/super/kvartira_1_1k.png",
          "price": 3825900.0,
          "status": "Свободна",
          "object_name": "ЖК «Гармония»"
     },
     {
          "flat_num": 3,
          "rooms_count": "2-комнатная",
          "area": "59,96",
          "floor": "1",
          "plan_img": "https://xn--f1aud.xn--p1ai/img/products/super/kvartira_1_2k_2.png",
          "price": 5396400.0,
          "status": "Свободна",
          "object_name": "ЖК «Гармония»"
     },
     {
          "flat_num": 4,
          "rooms_count": "1-комнатная",
          "area": "33,84",
          "floor": "1",
          "plan_img": "https://xn--f1aud.xn--p1ai/img/products/super/kvartira_1_1k_2.png",
          "price": 3045600.0,
          "status": "Бронь",
          "object_name": "ЖК «Гармония»"
     },
     {
          "flat_num": 5,
          "rooms_count": "2-комнатная",
          "area": "51,73",
          "floor": "1",
          "plan_img": "https://xn--f1aud.xn--p1ai/img/products/super/kvartira_1_2k_3.png",
          "price": 4655700.0,
          "status": "Бронь",
          "object_name": "ЖК «Гармония»"
     },
     {
          "flat_num": 6,
          "rooms_count": "3-комнатная",
          "area": "88,13",
          "floor": "1",
          "plan_img": "https://xn--f1aud.xn--p1ai/img/products/super/kvartira_1_3k.png",
          "price": 7931700.0,
          "status": "Свободна",
          "object_name": "ЖК «Гармония»"
     },
     {
          "flat_num": 7,
          "rooms_count": "2-комнатная",
          "area": "77,27",
          "floor": "2",
          "plan_img": "https://xn--f1aud.xn--p1ai/img/products/super/kvartira_1_2k_4.png",
          "price": 7340650.0,
          "status": "Свободна",
          "object_name": "ЖК «Гармония»"
     },
     {
          "flat_num": 8,
          "rooms_count": "1-комнатная",
          "area": "42,51",
          "floor": "2",
          "plan_img": "https://xn--f1aud.xn--p1ai/img/products/super/kvartira_1_1k-2.png",
          "price": 4123470.0,
          "status": "Свободна",
          "object_name": "ЖК «Гармония»"
     },
     {
          "flat_num": 9,
          "rooms_count": "2-комнатная",
          "area": "59,96",
          "floor": "2",
          "plan_img": "https://xn--f1aud.xn--p1ai/img/products/super/kvartira_1_2k_2-7.png",
          "price": 5996000.0,
          "status": "Свободна",
          "object_name": "ЖК «Гармония»"
     },
     {
          "flat_num": 10,
          "rooms_count": "1-комнатная",
          "area": "33,84",
          "floor": "2",
          "plan_img": "https://xn--f1aud.xn--p1ai/img/products/super/kvartira_1_1k_2-2.png",
          "price": 3384000.0,
          "status": "Бронь",
          "object_name": "ЖК «Гармония»"
     },
     {
          "flat_num": 11,
          "rooms_count": "2-комнатная",
          "area": "51,73",
          "floor": "2",
          "plan_img": "https://xn--f1aud.xn--p1ai/img/products/super/kvartira_1_2k_3-3.png",
          "price": 5173000.0,
          "status": "Свободна",
          "object_name": "ЖК «Гармония»"
     },
     {
          "flat_num": 12,
          "rooms_count": "3-комнатная",
          "area": "88,13",
          "floor": "2",
          "plan_img": "https://xn--f1aud.xn--p1ai/img/products/super/kvartira_1_3k-2.png",
          "price": 8813000.0,
          "status": "Свободна",
          "object_name": "ЖК «Гармония»"
     },
     {
          "flat_num": 13,
          "rooms_count": "2-комнатная",
          "area": "77,27",
          "floor": "3",
          "plan_img": "https://xn--f1aud.xn--p1ai/img/products/super/kvartira_1_2k_5.png",
          "price": 7340650.0,
          "status": "Свободна",
          "object_name": "ЖК «Гармония»"
     },
     {
          "flat_num": 14,
          "rooms_count": "1-комнатная",
          "area": "42,51",
          "floor": "3",
          "plan_img": "https://xn--f1aud.xn--p1ai/img/products/super/kvartira_1_1k-3.png",
          "price": 4123470.0,
          "status": "Свободна",
          "object_name": "ЖК «Гармония»"
     },
     {
          "flat_num": 15,
          "rooms_count": "2-комнатная",
          "area": "59,96",
          "floor": "3",
          "plan_img": "https://xn--f1aud.xn--p1ai/img/products/super/kvartira_1_2k_2-2.png",
          "price": 5996000.0,
          "status": "Свободна",
          "object_name": "ЖК «Гармония»"
     },
     {
          "flat_num": 17,
          "rooms_count": "2-комнатная",
          "area": "51,73",
          "floor": "3",
          "plan_img": "https://xn--f1aud.xn--p1ai/img/products/super/kvartira_1_2k_3-4.png",
          "price": 5173000.0,
          "status": "Свободна",
          "object_name": "ЖК «Гармония»"
     },
     {
          "flat_num": 18,
          "rooms_count": "3-комнатная",
          "area": "88,13",
          "floor": "3",
          "plan_img": "https://xn--f1aud.xn--p1ai/img/products/super/kvartira_1_3k-3.png",
          "price": 8813000.0,
          "status": "Свободна",
          "object_name": "ЖК «Гармония»"
     },
     {
          "flat_num": 19,
          "rooms_count": "2-комнатная",
          "area": "77,27",
          "floor": "4",
          "plan_img": "https://xn--f1aud.xn--p1ai/img/products/super/kvartira_1_2k_5-2.png",
          "price": 7340650.0,
          "status": "Свободна",
          "object_name": "ЖК «Гармония»"
     },
     {
          "flat_num": 20,
          "rooms_count": "1-комнатная",
          "area": "42,51",
          "floor": "4",
          "plan_img": "https://xn--f1aud.xn--p1ai/img/products/super/kvartira_1_1k-4.png",
          "price": 4123470.0,
          "status": "Свободна",
          "object_name": "ЖК «Гармония»"
     },
     {
          "flat_num": 21,
          "rooms_count": "2-комнатная",
          "area": "59,96",
          "floor": "4",
          "plan_img": "https://xn--f1aud.xn--p1ai/img/products/super/kvartira_1_2k_2-3.png",
          "price": 5996000.0,
          "status": "Свободна",
          "object_name": "ЖК «Гармония»"
     },
     {
          "flat_num": 24,
          "rooms_count": "3-комнатная",
          "area": "88,13",
          "floor": "4",
          "plan_img": "https://xn--f1aud.xn--p1ai/img/products/super/kvartira_1_3k-4.png",
          "price": 8813000.0,
          "status": "Свободна",
          "object_name": "ЖК «Гармония»"
     },
     {
          "flat_num": 25,
          "rooms_count": "2-комнатная",
          "area": "77,27",
          "floor": "5",
          "plan_img": "https://xn--f1aud.xn--p1ai/img/products/super/kvartira_1_2k_5-3.png",
          "price": 7340650.0,
          "status": "Свободна",
          "object_name": "ЖК «Гармония»"
     },
     {
          "flat_num": 26,
          "rooms_count": "1-комнатная",
          "area": "42,51",
          "floor": "5",
          "plan_img": "https://xn--f1aud.xn--p1ai/img/products/super/kvartira_1_1k-5.png",
          "price": 4123470.0,
          "status": "Свободна",
          "object_name": "ЖК «Гармония»"
     },
     {
          "flat_num": 30,
          "rooms_count": "3-комнатная",
          "area": "88,13",
          "floor": "5",
          "plan_img": "https://xn--f1aud.xn--p1ai/img/products/super/kvartira_1_3k-5.png",
          "price": 8813000.0,
          "status": "Свободна",
          "object_name": "ЖК «Гармония»"
     },
     {
          "flat_num": 31,
          "rooms_count": "2-комнатная",
          "area": "77,27",
          "floor": "6",
          "plan_img": "https://xn--f1aud.xn--p1ai/img/products/super/kvartira_1_2k_5-4.png",
          "price": 7340650.0,
          "status": "Свободна",
          "object_name": "ЖК «Гармония»"
     },
     {
          "flat_num": 32,
          "rooms_count": "1-комнатная",
          "area": "42,51",
          "floor": "6",
          "plan_img": "https://xn--f1aud.xn--p1ai/img/products/super/kvartira_1_1k-6.png",
          "price": 4123470.0,
          "status": "Свободна",
          "object_name": "ЖК «Гармония»"
     },
     {
          "flat_num": 37,
          "rooms_count": "2-комнатная",
          "area": "77,76",
          "floor": "7",
          "plan_img": "https://xn--f1aud.xn--p1ai/img/products/super/kvartira-37.png",
          "price": 8164800.0,
          "status": "Свободна",
          "object_name": "ЖК «Гармония»"
     },
     {
          "flat_num": 38,
          "rooms_count": "1-комнатная",
          "area": "42,51",
          "floor": "7",
          "plan_img": "https://xn--f1aud.xn--p1ai/img/products/super/kvartira_1_1k-7.png",
          "price": 4463550.0,
          "status": "Свободна",
          "object_name": "ЖК «Гармония»"
     },
     {
          "flat_num": 41,
          "rooms_count": "2-комнатная",
          "area": "51,73",
          "floor": "7",
          "plan_img": "https://xn--f1aud.xn--p1ai/img/products/super/kvartira_1_2k_3-8.png",
          "price": 5431650.0,
          "status": "Свободна",
          "object_name": "ЖК «Гармония»"
     },
     {
          "flat_num": 42,
          "rooms_count": "3-комнатная",
          "area": "88,13",
          "floor": "7",
          "plan_img": "https://xn--f1aud.xn--p1ai/img/products/super/kvartira_1_3k-7.png",
          "price": 9253650.0,
          "status": "Свободна",
          "object_name": "ЖК «Гармония»"
     },
     {
          "flat_num": 43,
          "rooms_count": "2-комнатная",
          "area": "77,76",
          "floor": "8",
          "plan_img": "https://xn--f1aud.xn--p1ai/img/products/super/kvartira-43.png",
          "price": 8164800.0,
          "status": "Свободна",
          "object_name": "ЖК «Гармония»"
     },
     {
          "flat_num": 44,
          "rooms_count": "1-комнатная",
          "area": "42,51",
          "floor": "8",
          "plan_img": "https://xn--f1aud.xn--p1ai/img/products/super/kvartira_1_1k-8.png",
          "price": 4463550.0,
          "status": "Свободна",
          "object_name": "ЖК «Гармония»"
     },
     {
          "flat_num": 47,
          "rooms_count": "2-комнатная",
          "area": "51,73",
          "floor": "8",
          "plan_img": "https://xn--f1aud.xn--p1ai/img/products/super/kvartira_1_2k_3-9.png",
          "price": 5431650.0,
          "status": "Бронь",
          "object_name": "ЖК «Гармония»"
     },
     {
          "flat_num": 48,
          "rooms_count": "3-комнатная",
          "area": "88,13",
          "floor": "8",
          "plan_img": "https://xn--f1aud.xn--p1ai/img/products/super/kvartira_1_3k-8.png",
          "price": 9253650.0,
          "status": "Свободна",
          "object_name": "ЖК «Гармония»"
     },
     {
          "flat_num": 49,
          "rooms_count": "2-комнатная",
          "area": "66,71",
          "floor": "1",
          "plan_img": "https://xn--f1aud.xn--p1ai/img/products/super/kvartira_1_2k-2.png",
          "price": 6003900.0,
          "status": "Свободна",
          "object_name": "ЖК «Гармония»"
     },
     {
          "flat_num": 50,
          "rooms_count": "1-комнатная",
          "area": "40,64",
          "floor": "1",
          "plan_img": "https://xn--f1aud.xn--p1ai/img/products/super/kvartira_2_1k.png",
          "price": 3657600.0,
          "status": "Свободна",
          "object_name": "ЖК «Гармония»"
     },
     {
          "flat_num": 51,
          "rooms_count": "1-комнатная",
          "area": "40,54",
          "floor": "1",
          "plan_img": "https://xn--f1aud.xn--p1ai/img/products/super/kvartira_2_1k_2.png",
          "price": 3648600.0,
          "status": "Свободна",
          "object_name": "ЖК «Гармония»"
     },
     {
          "flat_num": 52,
          "rooms_count": "2-комнатная",
          "area": "70,36",
          "floor": "1",
          "plan_img": "https://xn--f1aud.xn--p1ai/img/products/super/kvartira_2_2k_2.png",
          "price": 6332400.0,
          "status": "Свободна",
          "object_name": "ЖК «Гармония»"
     },
     {
          "flat_num": 53,
          "rooms_count": "2-комнатная",
          "area": "66,71",
          "floor": "2",
          "plan_img": "https://xn--f1aud.xn--p1ai/img/products/super/kvartira_2_2k.png",
          "price": 6671000.0,
          "status": "Свободна",
          "object_name": "ЖК «Гармония»"
     },
     {
          "flat_num": 54,
          "rooms_count": "1-комнатная",
          "area": "40,64",
          "floor": "2",
          "plan_img": "https://xn--f1aud.xn--p1ai/img/products/super/kvartira_2_1k-2.png",
          "price": 3942080.0,
          "status": "Свободна",
          "object_name": "ЖК «Гармония»"
     },
     {
          "flat_num": 55,
          "rooms_count": "1-комнатная",
          "area": "40,54",
          "floor": "2",
          "plan_img": "https://xn--f1aud.xn--p1ai/img/products/super/kvartira_2_1k_2-2.png",
          "price": 3932380.0,
          "status": "Свободна",
          "object_name": "ЖК «Гармония»"
     },
     {
          "flat_num": 56,
          "rooms_count": "2-комнатная",
          "area": "70,36",
          "floor": "2",
          "plan_img": "https://xn--f1aud.xn--p1ai/img/products/super/kvartira_2_2k_2-2.png",
          "price": 7036000.0,
          "status": "Свободна",
          "object_name": "ЖК «Гармония»"
     },
     {
          "flat_num": 57,
          "rooms_count": "2-комнатная",
          "area": "66,71",
          "floor": "3",
          "plan_img": "https://xn--f1aud.xn--p1ai/img/products/super/kvartira_2_2k-2.png",
          "price": 6671000.0,
          "status": "Свободна",
          "object_name": "ЖК «Гармония»"
     },
     {
          "flat_num": 58,
          "rooms_count": "1-комнатная",
          "area": "40,64",
          "floor": "3",
          "plan_img": "https://xn--f1aud.xn--p1ai/img/products/super/kvartira_2_1k-3.png",
          "price": 3942080.0,
          "status": "Свободна",
          "object_name": "ЖК «Гармония»"
     },
     {
          "flat_num": 59,
          "rooms_count": "1-комнатная",
          "area": "40,54",
          "floor": "3",
          "plan_img": "https://xn--f1aud.xn--p1ai/img/products/super/kvartira_2_1k_2-3.png",
          "price": 3932380.0,
          "status": "Свободна",
          "object_name": "ЖК «Гармония»"
     },
     {
          "flat_num": 60,
          "rooms_count": "2-комнатная",
          "area": "70,36",
          "floor": "3",
          "plan_img": "https://xn--f1aud.xn--p1ai/img/products/super/kvartira_2_2k_2-3.png",
          "price": 7036000.0,
          "status": "Свободна",
          "object_name": "ЖК «Гармония»"
     },
     {
          "flat_num": 62,
          "rooms_count": "1-комнатная",
          "area": "40,64",
          "floor": "4",
          "plan_img": "https://xn--f1aud.xn--p1ai/img/products/super/kvartira_2_1k-4.png",
          "price": 3942080.0,
          "status": "Свободна",
          "object_name": "ЖК «Гармония»"
     },
     {
          "flat_num": 63,
          "rooms_count": "1-комнатная",
          "area": "40,54",
          "floor": "4",
          "plan_img": "https://xn--f1aud.xn--p1ai/img/products/super/kvartira_2_1k_2-4.png",
          "price": 3932380.0,
          "status": "Свободна",
          "object_name": "ЖК «Гармония»"
     },
     {
          "flat_num": 64,
          "rooms_count": "2-комнатная",
          "area": "70,36",
          "floor": "4",
          "plan_img": "https://xn--f1aud.xn--p1ai/img/products/super/kvartira_2_2k_2-4.png",
          "price": 7036000.0,
          "status": "Свободна",
          "object_name": "ЖК «Гармония»"
     },
     {
          "flat_num": 66,
          "rooms_count": "1-комнатная",
          "area": "40,64",
          "floor": "5",
          "plan_img": "https://xn--f1aud.xn--p1ai/img/products/super/kvartira_2_1k-5.png",
          "price": 3942080.0,
          "status": "Свободна",
          "object_name": "ЖК «Гармония»"
     },
     {
          "flat_num": 67,
          "rooms_count": "1-комнатная",
          "area": "40,54",
          "floor": "5",
          "plan_img": "https://xn--f1aud.xn--p1ai/img/products/super/kvartira_2_1k_2-5.png",
          "price": 3932380.0,
          "status": "Свободна",
          "object_name": "ЖК «Гармония»"
     },
     {
          "flat_num": 68,
          "rooms_count": "2-комнатная",
          "area": "70,36",
          "floor": "5",
          "plan_img": "https://xn--f1aud.xn--p1ai/img/products/super/kvartira_2_2k_2-5.png",
          "price": 7036000.0,
          "status": "Свободна",
          "object_name": "ЖК «Гармония»"
     },
     {
          "flat_num": 74,
          "rooms_count": "1-комнатная",
          "area": "40,64",
          "floor": "7",
          "plan_img": "https://xn--f1aud.xn--p1ai/img/products/super/kvartira_2_1k-7.png",
          "price": 4267200.0,
          "status": "Свободна",
          "object_name": "ЖК «Гармония»"
     },
     {
          "flat_num": 75,
          "rooms_count": "1-комнатная",
          "area": "40,54",
          "floor": "7",
          "plan_img": "https://xn--f1aud.xn--p1ai/img/products/super/kvartira_2_1k_2-7.png",
          "price": 4256700.0,
          "status": "Свободна",
          "object_name": "ЖК «Гармония»"
     },
     {
          "flat_num": 76,
          "rooms_count": "2-комнатная",
          "area": "70,36",
          "floor": "7",
          "plan_img": "https://xn--f1aud.xn--p1ai/img/products/super/kvartira_2_2k_2-7.png",
          "price": 7387800.0,
          "status": "Свободна",
          "object_name": "ЖК «Гармония»"
     },
     {
          "flat_num": 77,
          "rooms_count": "2-комнатная",
          "area": "66,71",
          "floor": "8",
          "plan_img": "https://xn--f1aud.xn--p1ai/img/products/super/kvartira_2_2k-7.png",
          "price": 7004550.0,
          "status": "Свободна",
          "object_name": "ЖК «Гармония»"
     },
     {
          "flat_num": 78,
          "rooms_count": "1-комнатная",
          "area": "40,64",
          "floor": "8",
          "plan_img": "https://xn--f1aud.xn--p1ai/img/products/super/kvartira_2_1k-8.png",
          "price": 4267200.0,
          "status": "Свободна",
          "object_name": "ЖК «Гармония»"
     },
     {
          "flat_num": 79,
          "rooms_count": "1-комнатная",
          "area": "40,54",
          "floor": "8",
          "plan_img": "https://xn--f1aud.xn--p1ai/img/products/super/kvartira_2_1k_2-8.png",
          "price": 4256700.0,
          "status": "Свободна",
          "object_name": "ЖК «Гармония»"
     },
     {
          "flat_num": 81,
          "rooms_count": "2-комнатная",
          "area": "70,17",
          "floor": "1",
          "plan_img": "https://xn--f1aud.xn--p1ai/img/products/super/kvartira_3_2k-8.png",
          "price": 6315300.0,
          "status": "Свободна",
          "object_name": "ЖК «Гармония»"
     },
     {
          "flat_num": 82,
          "rooms_count": "1-комнатная",
          "area": "40,64",
          "floor": "1",
          "plan_img": "https://xn--f1aud.xn--p1ai/img/products/super/kvartira_2_1k-9.png",
          "price": 3657600.0,
          "status": "Свободна",
          "object_name": "ЖК «Гармония»"
     },
     {
          "flat_num": 83,
          "rooms_count": "1-комнатная",
          "area": "40,54",
          "floor": "1",
          "plan_img": "https://xn--f1aud.xn--p1ai/img/products/super/kvartira_2_1k_2-9.png",
          "price": 3648600.0,
          "status": "Свободна",
          "object_name": "ЖК «Гармония»"
     },
     {
          "flat_num": 84,
          "rooms_count": "2-комнатная",
          "area": "66,17",
          "floor": "1",
          "plan_img": "https://xn--f1aud.xn--p1ai/img/products/super/kvartira_3_2k_2_.png",
          "price": 5955300.0,
          "status": "Свободна",
          "object_name": "ЖК «Гармония»"
     },
     {
          "flat_num": 85,
          "rooms_count": "2-комнатная",
          "area": "70,17",
          "floor": "2",
          "plan_img": "https://xn--f1aud.xn--p1ai/img/products/super/kvartira_3_2k-7.png",
          "price": 7017000.0,
          "status": "Свободна",
          "object_name": "ЖК «Гармония»"
     },
     {
          "flat_num": 86,
          "rooms_count": "1-комнатная",
          "area": "40,64",
          "floor": "2",
          "plan_img": "https://xn--f1aud.xn--p1ai/img/products/super/kvartira_2_1k-10.png",
          "price": 3942080.0,
          "status": "Свободна",
          "object_name": "ЖК «Гармония»"
     },
     {
          "flat_num": 87,
          "rooms_count": "1-комнатная",
          "area": "40,54",
          "floor": "2",
          "plan_img": "https://xn--f1aud.xn--p1ai/img/products/super/kvartira_2_1k_2-10.png",
          "price": 3932380.0,
          "status": "Свободна",
          "object_name": "ЖК «Гармония»"
     },
     {
          "flat_num": 88,
          "rooms_count": "2-комнатная",
          "area": "66,17",
          "floor": "2",
          "plan_img": "https://xn--f1aud.xn--p1ai/img/products/super/kvartira_3_2k_2_-2.png",
          "price": 6286150.0,
          "status": "Бронь",
          "object_name": "ЖК «Гармония»"
     },
     {
          "flat_num": 89,
          "rooms_count": "2-комнатная",
          "area": "70,17",
          "floor": "3",
          "plan_img": "https://xn--f1aud.xn--p1ai/img/products/super/kvartira_3_2k-6.png",
          "price": 7017000.0,
          "status": "Свободна",
          "object_name": "ЖК «Гармония»"
     },
     {
          "flat_num": 90,
          "rooms_count": "1-комнатная",
          "area": "40,64",
          "floor": "3",
          "plan_img": "https://xn--f1aud.xn--p1ai/img/products/super/kvartira_2_1k-11.png",
          "price": 3942080.0,
          "status": "Свободна",
          "object_name": "ЖК «Гармония»"
     },
     {
          "flat_num": 91,
          "rooms_count": "1-комнатная",
          "area": "40,54",
          "floor": "3",
          "plan_img": "https://xn--f1aud.xn--p1ai/img/products/super/kvartira_2_1k_2-11.png",
          "price": 3932380.0,
          "status": "Свободна",
          "object_name": "ЖК «Гармония»"
     },
     {
          "flat_num": 94,
          "rooms_count": "1-комнатная",
          "area": "40,64",
          "floor": "4",
          "plan_img": "https://xn--f1aud.xn--p1ai/img/products/super/kvartira_2_1k-12.png",
          "price": 3942080.0,
          "status": "Свободна",
          "object_name": "ЖК «Гармония»"
     },
     {
          "flat_num": 95,
          "rooms_count": "1-комнатная",
          "area": "40,54",
          "floor": "4",
          "plan_img": "https://xn--f1aud.xn--p1ai/img/products/super/kvartira_2_1k_2-12.png",
          "price": 3932380.0,
          "status": "Свободна",
          "object_name": "ЖК «Гармония»"
     },
     {
          "flat_num": 98,
          "rooms_count": "1-комнатная",
          "area": "40,64",
          "floor": "5",
          "plan_img": "https://xn--f1aud.xn--p1ai/img/products/super/kvartira_2_1k-13.png",
          "price": 3942080.0,
          "status": "Свободна",
          "object_name": "ЖК «Гармония»"
     },
     {
          "flat_num": 99,
          "rooms_count": "1-комнатная",
          "area": "40,54",
          "floor": "5",
          "plan_img": "https://xn--f1aud.xn--p1ai/img/products/super/kvartira_2_1k_2-13.png",
          "price": 3932380.0,
          "status": "Бронь",
          "object_name": "ЖК «Гармония»"
     },
     {
          "flat_num": 103,
          "rooms_count": "1-комнатная",
          "area": "40,54",
          "floor": "6",
          "plan_img": "https://xn--f1aud.xn--p1ai/img/products/super/kvartira_2_1k_2-14.png",
          "price": 3932380.0,
          "status": "Бронь",
          "object_name": "ЖК «Гармония»"
     },
     {
          "flat_num": 105,
          "rooms_count": "2-комнатная",
          "area": "70,17",
          "floor": "7",
          "plan_img": "https://xn--f1aud.xn--p1ai/img/products/super/kvartira_3_2k-2.png",
          "price": 7367850.0,
          "status": "Свободна",
          "object_name": "ЖК «Гармония»"
     },
     {
          "flat_num": 106,
          "rooms_count": "1-комнатная",
          "area": "40,64",
          "floor": "7",
          "plan_img": "https://xn--f1aud.xn--p1ai/img/products/super/kvartira_2_1k-15.png",
          "price": 4267200.0,
          "status": "Свободна",
          "object_name": "ЖК «Гармония»"
     },
     {
          "flat_num": 107,
          "rooms_count": "1-комнатная",
          "area": "40,54",
          "floor": "7",
          "plan_img": "https://xn--f1aud.xn--p1ai/img/products/super/kvartira_2_1k_2-15.png",
          "price": 4256700.0,
          "status": "Свободна",
          "object_name": "ЖК «Гармония»"
     },
     {
          "flat_num": 109,
          "rooms_count": "2-комнатная",
          "area": "70,17",
          "floor": "8",
          "plan_img": "https://xn--f1aud.xn--p1ai/img/products/super/kvartira_3_2k-3.png",
          "price": 7367850.0,
          "status": "Бронь",
          "object_name": "ЖК «Гармония»"
     },
     {
          "flat_num": 111,
          "rooms_count": "1-комнатная",
          "area": "40,54",
          "floor": "8",
          "plan_img": "https://xn--f1aud.xn--p1ai/img/products/super/kvartira_2_1k_2-16.png",
          "price": 4256700.0,
          "status": "Бронь",
          "object_name": "ЖК «Гармония»"
     },
     {
          "flat_num": 113,
          "rooms_count": "3-комнатная",
          "area": "88,42",
          "floor": "1",
          "plan_img": "https://xn--f1aud.xn--p1ai/img/products/super/kvartira_4_3k.png",
          "price": 7957800.0,
          "status": "Бронь",
          "object_name": "ЖК «Гармония»"
     },
     {
          "flat_num": 114,
          "rooms_count": "2-комнатная",
          "area": "51,73",
          "floor": "1",
          "plan_img": "https://xn--f1aud.xn--p1ai/img/products/super/kvartira_4_2k.png",
          "price": 4655700.0,
          "status": "Свободна",
          "object_name": "ЖК «Гармония»"
     },
     {
          "flat_num": 115,
          "rooms_count": "3-комнатная",
          "area": "77,87",
          "floor": "1",
          "plan_img": "https://xn--f1aud.xn--p1ai/img/products/super/kvartira_4_3k_1.png",
          "price": 7008300.0,
          "status": "Свободна",
          "object_name": "ЖК «Гармония»"
     },
     {
          "flat_num": 116,
          "rooms_count": "1-комнатная",
          "area": "42,14",
          "floor": "1",
          "plan_img": "https://xn--f1aud.xn--p1ai/img/products/super/kvartira_4_1k.png",
          "price": 4003300.0,
          "status": "Бронь",
          "object_name": "ЖК «Гармония»"
     },
     {
          "flat_num": 117,
          "rooms_count": "2-комнатная",
          "area": "70,23",
          "floor": "1",
          "plan_img": "https://xn--f1aud.xn--p1ai/img/products/super/kvartira_4_2k_1.png",
          "price": 6320700.0,
          "status": "Свободна",
          "object_name": "ЖК «Гармония»"
     },
     {
          "flat_num": 118,
          "rooms_count": "3-комнатная",
          "area": "88,42",
          "floor": "2",
          "plan_img": "https://xn--f1aud.xn--p1ai/img/products/super/kvartira_4_3k-2.png",
          "price": 8842000.0,
          "status": "Свободна",
          "object_name": "ЖК «Гармония»"
     },
     {
          "flat_num": 119,
          "rooms_count": "2-комнатная",
          "area": "51,73",
          "floor": "2",
          "plan_img": "https://xn--f1aud.xn--p1ai/img/products/super/kvartira_4_2k-2.png",
          "price": 5173000.0,
          "status": "Свободна",
          "object_name": "ЖК «Гармония»"
     },
     {
          "flat_num": 121,
          "rooms_count": "2-комнатная",
          "area": "61,14",
          "floor": "2",
          "plan_img": "https://xn--f1aud.xn--p1ai/img/products/super/kvartira_4_2k_2.png",
          "price": 6114000.0,
          "status": "Свободна",
          "object_name": "ЖК «Гармония»"
     },
     {
          "flat_num": 122,
          "rooms_count": "1-комнатная",
          "area": "42,14",
          "floor": "2",
          "plan_img": "https://xn--f1aud.xn--p1ai/img/products/super/kvartira_4_1k-2.png",
          "price": 4087580.0,
          "status": "Свободна",
          "object_name": "ЖК «Гармония»"
     },
     {
          "flat_num": 123,
          "rooms_count": "2-комнатная",
          "area": "76,12",
          "floor": "2",
          "plan_img": "https://xn--f1aud.xn--p1ai/img/products/super/kvartira_4_2k_3.png",
          "price": 7231400.0,
          "status": "Свободна",
          "object_name": "ЖК «Гармония»"
     },
     {
          "flat_num": 124,
          "rooms_count": "3-комнатная",
          "area": "88,42",
          "floor": "3",
          "plan_img": "https://xn--f1aud.xn--p1ai/img/products/super/kvartira_4_3k-3.png",
          "price": 8842000.0,
          "status": "Свободна",
          "object_name": "ЖК «Гармония»"
     },
     {
          "flat_num": 128,
          "rooms_count": "1-комнатная",
          "area": "42,14",
          "floor": "3",
          "plan_img": "https://xn--f1aud.xn--p1ai/img/products/super/kvartira_4_1k-3.png",
          "price": 4087580.0,
          "status": "Свободна",
          "object_name": "ЖК «Гармония»"
     },
     {
          "flat_num": 129,
          "rooms_count": "2-комнатная",
          "area": "76,12",
          "floor": "3",
          "plan_img": "https://xn--f1aud.xn--p1ai/img/products/super/kvartira_4_2k_4.png",
          "price": 7231400.0,
          "status": "Свободна",
          "object_name": "ЖК «Гармония»"
     },
     {
          "flat_num": 130,
          "rooms_count": "3-комнатная",
          "area": "88,42",
          "floor": "4",
          "plan_img": "https://xn--f1aud.xn--p1ai/img/products/super/kvartira_4_3k-4.png",
          "price": 8842000.0,
          "status": "Свободна",
          "object_name": "ЖК «Гармония»"
     },
     {
          "flat_num": 134,
          "rooms_count": "1-комнатная",
          "area": "42,14",
          "floor": "4",
          "plan_img": "https://xn--f1aud.xn--p1ai/img/products/super/kvartira_4_1k-4.png",
          "price": 4087580.0,
          "status": "Свободна",
          "object_name": "ЖК «Гармония»"
     },
     {
          "flat_num": 135,
          "rooms_count": "2-комнатная",
          "area": "76,12",
          "floor": "4",
          "plan_img": "https://xn--f1aud.xn--p1ai/img/products/super/kvartira_4_2k_5.png",
          "price": 7231400.0,
          "status": "Свободна",
          "object_name": "ЖК «Гармония»"
     },
     {
          "flat_num": 136,
          "rooms_count": "3-комнатная",
          "area": "88,42",
          "floor": "5",
          "plan_img": "https://xn--f1aud.xn--p1ai/img/products/super/kvartira_4_3k-5.png",
          "price": 8842000.0,
          "status": "Свободна",
          "object_name": "ЖК «Гармония»"
     },
     {
          "flat_num": 140,
          "rooms_count": "1-комнатная",
          "area": "42,14",
          "floor": "5",
          "plan_img": "https://xn--f1aud.xn--p1ai/img/products/super/kvartira_4_1k-5.png",
          "price": 4087580.0,
          "status": "Свободна",
          "object_name": "ЖК «Гармония»"
     },
     {
          "flat_num": 141,
          "rooms_count": "2-комнатная",
          "area": "76,12",
          "floor": "5",
          "plan_img": "https://xn--f1aud.xn--p1ai/img/products/super/kvartira_4_2k_5-2.png",
          "price": 7231400.0,
          "status": "Свободна",
          "object_name": "ЖК «Гармония»"
     },
     {
          "flat_num": 142,
          "rooms_count": "3-комнатная",
          "area": "88,42",
          "floor": "6",
          "plan_img": "https://xn--f1aud.xn--p1ai/img/products/super/kvartira_4_3k-6.png",
          "price": 8399900.0,
          "status": "Бронь",
          "object_name": "ЖК «Гармония»"
     },
     {
          "flat_num": 146,
          "rooms_count": "1-комнатная",
          "area": "42,14",
          "floor": "6",
          "plan_img": "https://xn--f1aud.xn--p1ai/img/products/super/kvartira_4_1k-6.png",
          "price": 4087580.0,
          "status": "Свободна",
          "object_name": "ЖК «Гармония»"
     },
     {
          "flat_num": 147,
          "rooms_count": "2-комнатная",
          "area": "76,12",
          "floor": "6",
          "plan_img": "https://xn--f1aud.xn--p1ai/img/products/super/kvartira_4_2k_5-3.png",
          "price": 7231400.0,
          "status": "Свободна",
          "object_name": "ЖК «Гармония»"
     },
     {
          "flat_num": 148,
          "rooms_count": "3-комнатная",
          "area": "88,42",
          "floor": "7",
          "plan_img": "https://xn--f1aud.xn--p1ai/img/products/super/kvartira_4_3k-7.png",
          "price": 9284100.0,
          "status": "Свободна",
          "object_name": "ЖК «Гармония»"
     },
     {
          "flat_num": 152,
          "rooms_count": "1-комнатная",
          "area": "42,14",
          "floor": "7",
          "plan_img": "https://xn--f1aud.xn--p1ai/img/products/super/kvartira_4_1k-7.png",
          "price": 4424700.0,
          "status": "Свободна",
          "object_name": "ЖК «Гармония»"
     },
     {
          "flat_num": 153,
          "rooms_count": "2-комнатная",
          "area": "76,12",
          "floor": "7",
          "plan_img": "https://xn--f1aud.xn--p1ai/img/products/super/kvartira_4_2k_5-4.png",
          "price": 7992600.0,
          "status": "Свободна",
          "object_name": "ЖК «Гармония»"
     }
]